baseline,rouge1,rouge2,rougeL
Lead-100,0.1848467495226972,0.0705320330165743,0.11863462560720155
Lead-150,0.2530253661350499,0.08575055005929272,0.15103690937544229
Random,0.016350396254482733,5.84010100697632e-05,0.011847882082549041
